relative_path,bytes,sha256,rows,start_date,end_date,columns
data/interim/sar_project/trade_calendar.csv,87712,9d8e4495cdce3779fa009a34b298dbd9a43b2d0f66eb8036c5866687abca5702,3653,20160101,20251231,exchange|cal_date|is_open|pretrade_date
data/interim/sar_project/index_weight_top50.csv,216556,56af4b003a449b74c9acd5844047e37a7451c5d14106b13f0fe822553618db77,6100,20160129,20251201,index_code|con_code|trade_date|weight
data/interim/sar_project/index_daily.csv,261344,a220aa50d3190f563e3b067c73ceb9963b04ae532972a456dc9680e11ba6d936,2430,20160104,20251231,ts_code|trade_date|close|open|high|low|pre_close|change|pct_chg|vol|amount
data/interim/sar_project/symbols.json,2132,4a99422fc3a40f63fe0342b82bb4bb4511b8cb844e9ecef4710ec7c8aa14cb9e,142,,,json
data/interim/sar_project/prices/000001.SZ.csv,553867,8be29f19a3eb95a3eee5ff8a06f32faef5b5121cb0ff2b95554c27c718db8990,2430,20160104,20251231,ts_code|trade_date|open|high|low|close|pre_close|change|pct_chg|vol|amount|adj_factor|up_limit|down_limit|open_adj|high_adj|low_adj|close_adj|pre_close_adj|up_limit_adj|down_limit_adj
data/interim/sar_project/prices/000002.SZ.csv,488934,6112cd4bd9956288a3d3a2ccd405a4ca5418fdd73fa4fabcd801d4aba8c39c02,2304,20160704,20251231,ts_code|trade_date|open|high|low|close|pre_close|change|pct_chg|vol|amount|adj_factor|up_limit|down_limit|open_adj|high_adj|low_adj|close_adj|pre_close_adj|up_limit_adj|down_limit_adj
data/interim/sar_project/prices/000063.SZ.csv,530304,3c11b39976eed48ac8bc7b7f491b83ed4e028bda967f9475e5788a7e06bb0e95,2359,20160104,20251231,ts_code|trade_date|open|high|low|close|pre_close|change|pct_chg|vol|amount|adj_factor|up_limit|down_limit|open_adj|high_adj|low_adj|close_adj|pre_close_adj|up_limit_adj|down_limit_adj
data/interim/sar_project/prices/000100.SZ.csv,492377,d0f2e6f1d88a6b03b991b110f318b693fca51043ebc7d4a50fc0027394e7cb4c,2264,20160104,20251231,ts_code|trade_date|open|high|low|close|pre_close|change|pct_chg|vol|amount|adj_factor|up_limit|down_limit|open_adj|high_adj|low_adj|close_adj|pre_close_adj|up_limit_adj|down_limit_adj
data/interim/sar_project/prices/000166.SZ.csv,527685,f5098bc939d5e5d8bb035cc12a968ed9cc6dfa078dec22ace140cb4912e6e3e2,2405,20160104,20251231,ts_code|trade_date|open|high|low|close|pre_close|change|pct_chg|vol|amount|adj_factor|up_limit|down_limit|open_adj|high_adj|low_adj|close_adj|pre_close_adj|up_limit_adj|down_limit_adj
data/interim/sar_project/prices/000333.SZ.csv,538338,9f17b8372b60caef567371e6db2cca4a626907c270442546ae620289c911e02b,2380,20160104,20251231,ts_code|trade_date|open|high|low|close|pre_close|change|pct_chg|vol|amount|adj_factor|up_limit|down_limit|open_adj|high_adj|low_adj|close_adj|pre_close_adj|up_limit_adj|down_limit_adj
data/interim/sar_project/prices/000338.SZ.csv,550604,5f1de439fae56f5051054e286a2691b1d1537d0359e75888f6c39e154e1cf982,2428,20160104,20251231,ts_code|trade_date|open|high|low|close|pre_close|change|pct_chg|vol|amount|adj_factor|up_limit|down_limit|open_adj|high_adj|low_adj|close_adj|pre_close_adj|up_limit_adj|down_limit_adj
data/interim/sar_project/prices/000538.SZ.csv,510052,ed0bc2c9bb24f62359214afbe3d0b6164464ba434edaeeec0070005dba9a9689,2266,20160104,20251231,ts_code|trade_date|open|high|low|close|pre_close|change|pct_chg|vol|amount|adj_factor|up_limit|down_limit|open_adj|high_adj|low_adj|close_adj|pre_close_adj|up_limit_adj|down_limit_adj
data/interim/sar_project/prices/000568.SZ.csv,554939,6d5f671eb0f08924efe2d3ef9ffd45d011eae585b579ea4a3fd0b0a97d53dc15,2412,20160104,20251231,ts_code|trade_date|open|high|low|close|pre_close|change|pct_chg|vol|amount|adj_factor|up_limit|down_limit|open_adj|high_adj|low_adj|close_adj|pre_close_adj|up_limit_adj|down_limit_adj
data/interim/sar_project/prices/000625.SZ.csv,547970,e52c5653749fc9c8c981f057e472a760f419ac97ec85bc60318afab608502e52,2410,20160104,20251231,ts_code|trade_date|open|high|low|close|pre_close|change|pct_chg|vol|amount|adj_factor|up_limit|down_limit|open_adj|high_adj|low_adj|close_adj|pre_close_adj|up_limit_adj|down_limit_adj
data/interim/sar_project/prices/000651.SZ.csv,518883,5704defcbf596bfd9c2b91fa7cef36bf92301ff66aa6958a454ddcfcad6fb09e,2273,20160104,20251231,ts_code|trade_date|open|high|low|close|pre_close|change|pct_chg|vol|amount|adj_factor|up_limit|down_limit|open_adj|high_adj|low_adj|close_adj|pre_close_adj|up_limit_adj|down_limit_adj
data/interim/sar_project/prices/000661.SZ.csv,551719,1f753df882631786faf1e1f87ac353ff78303520bf38c347424bcc6afe373a92,2415,20160104,20251231,ts_code|trade_date|open|high|low|close|pre_close|change|pct_chg|vol|amount|adj_factor|up_limit|down_limit|open_adj|high_adj|low_adj|close_adj|pre_close_adj|up_limit_adj|down_limit_adj
data/interim/sar_project/prices/000725.SZ.csv,530327,9f80ae24184da9bca961b3cf078c92386e15bd3746ae9bf4cbba5b42cfced772,2430,20160104,20251231,ts_code|trade_date|open|high|low|close|pre_close|change|pct_chg|vol|amount|adj_factor|up_limit|down_limit|open_adj|high_adj|low_adj|close_adj|pre_close_adj|up_limit_adj|down_limit_adj
data/interim/sar_project/prices/000776.SZ.csv,558219,99670b1addbe2d72cefc9f2468acad4e119c1b9746b5de92321331b0d074c7f4,2430,20160104,20251231,ts_code|trade_date|open|high|low|close|pre_close|change|pct_chg|vol|amount|adj_factor|up_limit|down_limit|open_adj|high_adj|low_adj|close_adj|pre_close_adj|up_limit_adj|down_limit_adj
data/interim/sar_project/prices/000783.SZ.csv,520778,ff7f7f7113996645e5374f32f43d3794857518374ba93a23e3991e7eaa2736c6,2430,20160104,20251231,ts_code|trade_date|open|high|low|close|pre_close|change|pct_chg|vol|amount|adj_factor|up_limit|down_limit|open_adj|high_adj|low_adj|close_adj|pre_close_adj|up_limit_adj|down_limit_adj
data/interim/sar_project/prices/000792.SZ.csv,338280,e90ce71bb517a59c0fa9deb7cb203d92f1a99763f15c9160f1181b3781f17ada,2111,20160104,20251231,ts_code|trade_date|open|high|low|close|pre_close|change|pct_chg|vol|amount|adj_factor|up_limit|down_limit|open_adj|high_adj|low_adj|close_adj|pre_close_adj|up_limit_adj|down_limit_adj
data/interim/sar_project/prices/000858.SZ.csv,570774,05a13c28f6546cbd8b481e5b5e7b7e09ea412dea14d045026a5494d17d8da74c,2430,20160104,20251231,ts_code|trade_date|open|high|low|close|pre_close|change|pct_chg|vol|amount|adj_factor|up_limit|down_limit|open_adj|high_adj|low_adj|close_adj|pre_close_adj|up_limit_adj|down_limit_adj
data/interim/sar_project/prices/000876.SZ.csv,527944,b0582b59a63d54b6bbf0f76b38fc86bad5bf53cd877a6b91cb60973dfe279663,2387,20160302,20251231,ts_code|trade_date|open|high|low|close|pre_close|change|pct_chg|vol|amount|adj_factor|up_limit|down_limit|open_adj|high_adj|low_adj|close_adj|pre_close_adj|up_limit_adj|down_limit_adj
data/interim/sar_project/prices/001979.SZ.csv,540719,33bc7344cbdc89fa4a50102166a63f6286a3fd19979559e31aeae923369c5c06,2414,20160104,20251231,ts_code|trade_date|open|high|low|close|pre_close|change|pct_chg|vol|amount|adj_factor|up_limit|down_limit|open_adj|high_adj|low_adj|close_adj|pre_close_adj|up_limit_adj|down_limit_adj
data/interim/sar_project/prices/002024.SZ.csv,451210,8e0377ff78f56e7e7abd2b38f6a7355c5b436e1ed9da2ee3ea87334453a4e85c,2411,20160104,20251231,ts_code|trade_date|open|high|low|close|pre_close|change|pct_chg|vol|amount|adj_factor|up_limit|down_limit|open_adj|high_adj|low_adj|close_adj|pre_close_adj|up_limit_adj|down_limit_adj
data/interim/sar_project/prices/002027.SZ.csv,536821,93bc76f789299c79464cf504ef1b065f09f75a66dfb7b6cad4cfd5a1b16e2547,2430,20160104,20251231,ts_code|trade_date|open|high|low|close|pre_close|change|pct_chg|vol|amount|adj_factor|up_limit|down_limit|open_adj|high_adj|low_adj|close_adj|pre_close_adj|up_limit_adj|down_limit_adj
data/interim/sar_project/prices/002049.SZ.csv,510293,29d08802c7d6dbb9af69642ace01062dcdfd6777c791d74b96474e95b572c3c8,2268,20160311,20251229,ts_code|trade_date|open|high|low|close|pre_close|change|pct_chg|vol|amount|adj_factor|up_limit|down_limit|open_adj|high_adj|low_adj|close_adj|pre_close_adj|up_limit_adj|down_limit_adj
data/interim/sar_project/prices/002129.SZ.csv,426593,fd0a7205296b534f8f34f4f79329dd429f93924a42dee70d58aaa127757c08da,2023,20160104,20251231,ts_code|trade_date|open|high|low|close|pre_close|change|pct_chg|vol|amount|adj_factor|up_limit|down_limit|open_adj|high_adj|low_adj|close_adj|pre_close_adj|up_limit_adj|down_limit_adj
data/interim/sar_project/prices/002142.SZ.csv,555142,ae142171b8ba6295b65b7aae6bfdcee34b04f575e8e7e0f8d47ac9944f2bdbe3,2423,20160104,20251231,ts_code|trade_date|open|high|low|close|pre_close|change|pct_chg|vol|amount|adj_factor|up_limit|down_limit|open_adj|high_adj|low_adj|close_adj|pre_close_adj|up_limit_adj|down_limit_adj
data/interim/sar_project/prices/002230.SZ.csv,535145,51e528bda7a519ecfdebb21bfc4328da6f5d784d2afc693c03dac43b387841d9,2382,20160104,20251231,ts_code|trade_date|open|high|low|close|pre_close|change|pct_chg|vol|amount|adj_factor|up_limit|down_limit|open_adj|high_adj|low_adj|close_adj|pre_close_adj|up_limit_adj|down_limit_adj
data/interim/sar_project/prices/002241.SZ.csv,555275,5537872c3926e18eea80ec8eebf76da243dba7086704ca3bc2bbf884f7461e95,2430,20160104,20251231,ts_code|trade_date|open|high|low|close|pre_close|change|pct_chg|vol|amount|adj_factor|up_limit|down_limit|open_adj|high_adj|low_adj|close_adj|pre_close_adj|up_limit_adj|down_limit_adj
data/interim/sar_project/prices/002271.SZ.csv,550890,25e9a8eafab482371023919b3b54996044fc89052ce7e476b903f1cecaf6d15a,2430,20160104,20251231,ts_code|trade_date|open|high|low|close|pre_close|change|pct_chg|vol|amount|adj_factor|up_limit|down_limit|open_adj|high_adj|low_adj|close_adj|pre_close_adj|up_limit_adj|down_limit_adj
data/interim/sar_project/prices/002304.SZ.csv,548361,df95cf6bb8dcb90381aaaf283aa8192e954125d11c7c6f47c29e31ecfbc3223b,2430,20160104,20251231,ts_code|trade_date|open|high|low|close|pre_close|change|pct_chg|vol|amount|adj_factor|up_limit|down_limit|open_adj|high_adj|low_adj|close_adj|pre_close_adj|up_limit_adj|down_limit_adj
data/interim/sar_project/prices/002352.SZ.csv,533461,3737c3a95a8b2155e77a2433fab85f65996f389ae24c67fee6baa126bb678b01,2382,20160104,20251231,ts_code|trade_date|open|high|low|close|pre_close|change|pct_chg|vol|amount|adj_factor|up_limit|down_limit|open_adj|high_adj|low_adj|close_adj|pre_close_adj|up_limit_adj|down_limit_adj
data/interim/sar_project/prices/002371.SZ.csv,553658,fb135c91ecf774183b87d7321a18dfd8b840c700a15feb6adc6facd75a0a727b,2420,20160111,20251231,ts_code|trade_date|open|high|low|close|pre_close|change|pct_chg|vol|amount|adj_factor|up_limit|down_limit|open_adj|high_adj|low_adj|close_adj|pre_close_adj|up_limit_adj|down_limit_adj
data/interim/sar_project/prices/002415.SZ.csv,553669,82455090f52df2b88887d4f3047510d538ecd52530a30a96f2d811080d84ce97,2428,20160104,20251231,ts_code|trade_date|open|high|low|close|pre_close|change|pct_chg|vol|amount|adj_factor|up_limit|down_limit|open_adj|high_adj|low_adj|close_adj|pre_close_adj|up_limit_adj|down_limit_adj
data/interim/sar_project/prices/002450.SZ.csv,135238,318600ff745327c0cf5eabe33181b28d00c3b0c5adf7a4960aa6d9d577da17a6,666,20160104,20210528,ts_code|trade_date|open|high|low|close|pre_close|change|pct_chg|vol|amount|adj_factor|up_limit|down_limit|open_adj|high_adj|low_adj|close_adj|pre_close_adj|up_limit_adj|down_limit_adj
data/interim/sar_project/prices/002460.SZ.csv,547464,550150112dc4c2f7d5c6f2c7afe1ee66b128a580df95765e9f281a7a0e88c5fd,2427,20160104,20251231,ts_code|trade_date|open|high|low|close|pre_close|change|pct_chg|vol|amount|adj_factor|up_limit|down_limit|open_adj|high_adj|low_adj|close_adj|pre_close_adj|up_limit_adj|down_limit_adj
data/interim/sar_project/prices/002466.SZ.csv,518553,3f7a3bef6eb97ec56f4609bf47e54469fbb9baa73001e6767326711466669ed4,2404,20160104,20251231,ts_code|trade_date|open|high|low|close|pre_close|change|pct_chg|vol|amount|adj_factor|up_limit|down_limit|open_adj|high_adj|low_adj|close_adj|pre_close_adj|up_limit_adj|down_limit_adj
data/interim/sar_project/prices/002475.SZ.csv,546276,8614bfd722f0523ece844b6d2b1350859764c1427e3ed3b8c294bd6f8f1c6169,2429,20160104,20251231,ts_code|trade_date|open|high|low|close|pre_close|change|pct_chg|vol|amount|adj_factor|up_limit|down_limit|open_adj|high_adj|low_adj|close_adj|pre_close_adj|up_limit_adj|down_limit_adj
data/interim/sar_project/prices/002594.SZ.csv,554078,3cea5b649c799848017950326f8e85c53e6a68cf3f97e55de242a589c03d8d7e,2430,20160104,20251231,ts_code|trade_date|open|high|low|close|pre_close|change|pct_chg|vol|amount|adj_factor|up_limit|down_limit|open_adj|high_adj|low_adj|close_adj|pre_close_adj|up_limit_adj|down_limit_adj
data/interim/sar_project/prices/002714.SZ.csv,546116,bee8e4583d8873dec3064426bf353bfbe68a4258d3d32ab6a4d6932580c59e45,2420,20160104,20251231,ts_code|trade_date|open|high|low|close|pre_close|change|pct_chg|vol|amount|adj_factor|up_limit|down_limit|open_adj|high_adj|low_adj|close_adj|pre_close_adj|up_limit_adj|down_limit_adj
data/interim/sar_project/prices/002736.SZ.csv,532290,d515bdb48a09efcc321d4bb7694488ad27097a787297b4e031f4ca81e9a3426d,2420,20160104,20251231,ts_code|trade_date|open|high|low|close|pre_close|change|pct_chg|vol|amount|adj_factor|up_limit|down_limit|open_adj|high_adj|low_adj|close_adj|pre_close_adj|up_limit_adj|down_limit_adj
data/interim/sar_project/prices/002739.SZ.csv,353151,770b4ed6b4dbf7cdbbeee60cdc58da15cd3d0f3d3c8b2ad2d0a221436beccbb3,2026,20160104,20251231,ts_code|trade_date|open|high|low|close|pre_close|change|pct_chg|vol|amount|adj_factor|up_limit|down_limit|open_adj|high_adj|low_adj|close_adj|pre_close_adj|up_limit_adj|down_limit_adj
data/interim/sar_project/prices/002812.SZ.csv,465201,512c00c7f54f7771b9a13095eac3932c9fa61abc96f81bc339a458b813de12b2,2161,20160914,20251231,ts_code|trade_date|open|high|low|close|pre_close|change|pct_chg|vol|amount|adj_factor|up_limit|down_limit|open_adj|high_adj|low_adj|close_adj|pre_close_adj|up_limit_adj|down_limit_adj
data/interim/sar_project/prices/300014.SZ.csv,547772,5547a8618e5ca632ac00cc4fa61d174526e56d5ecc1492987a32590f3633a53d,2430,20160104,20251231,ts_code|trade_date|open|high|low|close|pre_close|change|pct_chg|vol|amount|adj_factor|up_limit|down_limit|open_adj|high_adj|low_adj|close_adj|pre_close_adj|up_limit_adj|down_limit_adj
data/interim/sar_project/prices/300015.SZ.csv,540762,63d8d2d43f554b080293569dd2428a81441aae8d02b25513a11942d66f97dcc3,2414,20160104,20251231,ts_code|trade_date|open|high|low|close|pre_close|change|pct_chg|vol|amount|adj_factor|up_limit|down_limit|open_adj|high_adj|low_adj|close_adj|pre_close_adj|up_limit_adj|down_limit_adj
data/interim/sar_project/prices/300059.SZ.csv,545574,778a694ecdf170728a43601bed24d6799a0eeae3ae1728d403be82519ae31f80,2425,20160104,20251231,ts_code|trade_date|open|high|low|close|pre_close|change|pct_chg|vol|amount|adj_factor|up_limit|down_limit|open_adj|high_adj|low_adj|close_adj|pre_close_adj|up_limit_adj|down_limit_adj
data/interim/sar_project/prices/300070.SZ.csv,504073,d9bff49b4933a0b9f58cb0b885be359328ac85c9ed1c294240c297cfc2ebc127,2407,20160104,20251231,ts_code|trade_date|open|high|low|close|pre_close|change|pct_chg|vol|amount|adj_factor|up_limit|down_limit|open_adj|high_adj|low_adj|close_adj|pre_close_adj|up_limit_adj|down_limit_adj
data/interim/sar_project/prices/300104.SZ.csv,109353,1ecd65a773f9edd592046304bf1f3ec1695e8c8bb7a18b3cbc5456d7bbf3ab94,500,20160603,20200720,ts_code|trade_date|open|high|low|close|pre_close|change|pct_chg|vol|amount|adj_factor|up_limit|down_limit|open_adj|high_adj|low_adj|close_adj|pre_close_adj|up_limit_adj|down_limit_adj
data/interim/sar_project/prices/300122.SZ.csv,536460,213db2aa5456c5b53722154c8712a2fefaeb9769515ff017f2350a87a170a343,2430,20160104,20251231,ts_code|trade_date|open|high|low|close|pre_close|change|pct_chg|vol|amount|adj_factor|up_limit|down_limit|open_adj|high_adj|low_adj|close_adj|pre_close_adj|up_limit_adj|down_limit_adj
data/interim/sar_project/prices/300124.SZ.csv,540512,eda92bb6ca10f8a4a65f4f9dea69f1aed407bbbf3f6224ddfedc75f9fe39fff8,2419,20160104,20251231,ts_code|trade_date|open|high|low|close|pre_close|change|pct_chg|vol|amount|adj_factor|up_limit|down_limit|open_adj|high_adj|low_adj|close_adj|pre_close_adj|up_limit_adj|down_limit_adj
data/interim/sar_project/prices/300142.SZ.csv,512524,31a888dee6a7780782d4e13f86347c8ae70df5612e776613efdffd4a2e258920,2288,20160104,20251231,ts_code|trade_date|open|high|low|close|pre_close|change|pct_chg|vol|amount|adj_factor|up_limit|down_limit|open_adj|high_adj|low_adj|close_adj|pre_close_adj|up_limit_adj|down_limit_adj
data/interim/sar_project/prices/300274.SZ.csv,546317,2b1c16b5bf4e5fb4010953e9dbe55fd719efe7f829a5eff81e39dd30f9956168,2425,20160104,20251231,ts_code|trade_date|open|high|low|close|pre_close|change|pct_chg|vol|amount|adj_factor|up_limit|down_limit|open_adj|high_adj|low_adj|close_adj|pre_close_adj|up_limit_adj|down_limit_adj
data/interim/sar_project/prices/300308.SZ.csv,519600,a29d39686a0e8ae6d1d87b39980e07ff44bf3999a55be46c61b3c5e5658508c0,2286,20160104,20251231,ts_code|trade_date|open|high|low|close|pre_close|change|pct_chg|vol|amount|adj_factor|up_limit|down_limit|open_adj|high_adj|low_adj|close_adj|pre_close_adj|up_limit_adj|down_limit_adj
data/interim/sar_project/prices/300347.SZ.csv,537522,ad357bc6636bdffe514c5142b5e525bb8a338c95fc4511bd5ca4f915fc5f15c0,2397,20160104,20251231,ts_code|trade_date|open|high|low|close|pre_close|change|pct_chg|vol|amount|adj_factor|up_limit|down_limit|open_adj|high_adj|low_adj|close_adj|pre_close_adj|up_limit_adj|down_limit_adj
data/interim/sar_project/prices/300498.SZ.csv,551731,df29ae93a61bb33a10ff2f18c283f73f3440c9f4115471f19cfe0cde530472a9,2419,20160104,20251231,ts_code|trade_date|open|high|low|close|pre_close|change|pct_chg|vol|amount|adj_factor|up_limit|down_limit|open_adj|high_adj|low_adj|close_adj|pre_close_adj|up_limit_adj|down_limit_adj
data/interim/sar_project/prices/300502.SZ.csv,534693,3ab35bb18779f5184e55d234ced1145c565b5b7cfe065b26310b6e97f8648bef,2390,20160303,20251231,ts_code|trade_date|open|high|low|close|pre_close|change|pct_chg|vol|amount|adj_factor|up_limit|down_limit|open_adj|high_adj|low_adj|close_adj|pre_close_adj|up_limit_adj|down_limit_adj
data/interim/sar_project/prices/300750.SZ.csv,422212,dfe7dece8225b62924da0bcb9f530d50e7b6a0088e4e071bb2799ab3ddf436f9,1837,20180611,20251231,ts_code|trade_date|open|high|low|close|pre_close|change|pct_chg|vol|amount|adj_factor|up_limit|down_limit|open_adj|high_adj|low_adj|close_adj|pre_close_adj|up_limit_adj|down_limit_adj
data/interim/sar_project/prices/300760.SZ.csv,404991,de5373e6be911411a8dc42739767a0f776b4c981dbee53be2577f228b8aed797,1753,20181016,20251231,ts_code|trade_date|open|high|low|close|pre_close|change|pct_chg|vol|amount|adj_factor|up_limit|down_limit|open_adj|high_adj|low_adj|close_adj|pre_close_adj|up_limit_adj|down_limit_adj
data/interim/sar_project/prices/600000.SH.csv,529100,24bdeaa4248a592247a5c5bf25cef39b9d6f34731c00a1db9afd20fcdba9a87a,2412,20160104,20251231,ts_code|trade_date|open|high|low|close|pre_close|change|pct_chg|vol|amount|adj_factor|up_limit|down_limit|open_adj|high_adj|low_adj|close_adj|pre_close_adj|up_limit_adj|down_limit_adj
data/interim/sar_project/prices/600009.SH.csv,542798,09bcc8bdba0984b63ac4262dd1c5551e80695ea25c5bfe6a91cadaa7c4d48691,2419,20160104,20251231,ts_code|trade_date|open|high|low|close|pre_close|change|pct_chg|vol|amount|adj_factor|up_limit|down_limit|open_adj|high_adj|low_adj|close_adj|pre_close_adj|up_limit_adj|down_limit_adj
data/interim/sar_project/prices/600015.SH.csv,522981,00b7db30d8d1a86e9e6124f1d8d81fa5b7d4d52b511a7525863f9dbfb42af162,2430,20160104,20251231,ts_code|trade_date|open|high|low|close|pre_close|change|pct_chg|vol|amount|adj_factor|up_limit|down_limit|open_adj|high_adj|low_adj|close_adj|pre_close_adj|up_limit_adj|down_limit_adj
data/interim/sar_project/prices/600016.SH.csv,534108,d51936eeecb04775765244511056c99ee3c8255ed2df437adfd366b02986802d,2430,20160104,20251231,ts_code|trade_date|open|high|low|close|pre_close|change|pct_chg|vol|amount|adj_factor|up_limit|down_limit|open_adj|high_adj|low_adj|close_adj|pre_close_adj|up_limit_adj|down_limit_adj
data/interim/sar_project/prices/600019.SH.csv,508731,6fc7e9cb752c3784bc7cfa55882905a4d07d791afbc271cf204c9b49671d1233,2338,20160104,20251231,ts_code|trade_date|open|high|low|close|pre_close|change|pct_chg|vol|amount|adj_factor|up_limit|down_limit|open_adj|high_adj|low_adj|close_adj|pre_close_adj|up_limit_adj|down_limit_adj
data/interim/sar_project/prices/600028.SH.csv,531087,21a205c1a0982e543982d413afbaba9847b6083b726cd36d7ff891457d09ad6d,2430,20160104,20251231,ts_code|trade_date|open|high|low|close|pre_close|change|pct_chg|vol|amount|adj_factor|up_limit|down_limit|open_adj|high_adj|low_adj|close_adj|pre_close_adj|up_limit_adj|down_limit_adj
data/interim/sar_project/prices/600030.SH.csv,551500,246595a867c9581c695b27c432c6f6b5e4e1dece154f1c31cef635d79752027c,2413,20160104,20251231,ts_code|trade_date|open|high|low|close|pre_close|change|pct_chg|vol|amount|adj_factor|up_limit|down_limit|open_adj|high_adj|low_adj|close_adj|pre_close_adj|up_limit_adj|down_limit_adj
data/interim/sar_project/prices/600031.SH.csv,549677,8b41016d66cc44b355cb8f4353912a5de8b520cb3e6254586e834603b3cce3ad,2430,20160104,20251231,ts_code|trade_date|open|high|low|close|pre_close|change|pct_chg|vol|amount|adj_factor|up_limit|down_limit|open_adj|high_adj|low_adj|close_adj|pre_close_adj|up_limit_adj|down_limit_adj
data/interim/sar_project/prices/600036.SH.csv,548803,9a52730196d587d80cd3dacec5babebcc5ef8cfb6c25bc061f4d656ac28a4dba,2430,20160104,20251231,ts_code|trade_date|open|high|low|close|pre_close|change|pct_chg|vol|amount|adj_factor|up_limit|down_limit|open_adj|high_adj|low_adj|close_adj|pre_close_adj|up_limit_adj|down_limit_adj
data/interim/sar_project/prices/600048.SH.csv,544448,a777476846c5b4035bab9655d33b2bdb0f7332e85df66919a4c7bef951c3b6a1,2423,20160104,20251231,ts_code|trade_date|open|high|low|close|pre_close|change|pct_chg|vol|amount|adj_factor|up_limit|down_limit|open_adj|high_adj|low_adj|close_adj|pre_close_adj|up_limit_adj|down_limit_adj
data/interim/sar_project/prices/600050.SH.csv,511163,c59b9822aaf4a82ecc5792f8f225e31b5a5ca4da45cfef9a34fe06af460e636d,2335,20160104,20251231,ts_code|trade_date|open|high|low|close|pre_close|change|pct_chg|vol|amount|adj_factor|up_limit|down_limit|open_adj|high_adj|low_adj|close_adj|pre_close_adj|up_limit_adj|down_limit_adj
data/interim/sar_project/prices/600104.SH.csv,551555,19181da3440ae354397d9cd93aac593ddf48c4cdb335152477e5617af479b9e6,2430,20160104,20251231,ts_code|trade_date|open|high|low|close|pre_close|change|pct_chg|vol|amount|adj_factor|up_limit|down_limit|open_adj|high_adj|low_adj|close_adj|pre_close_adj|up_limit_adj|down_limit_adj
data/interim/sar_project/prices/600111.SH.csv,548660,9be79877a3d2b373b6d9a205eb36e0e91bfcbcac54278d2c411dde46b412a880,2430,20160104,20251231,ts_code|trade_date|open|high|low|close|pre_close|change|pct_chg|vol|amount|adj_factor|up_limit|down_limit|open_adj|high_adj|low_adj|close_adj|pre_close_adj|up_limit_adj|down_limit_adj
data/interim/sar_project/prices/600150.SH.csv,513508,867c9d9233d2a990497c426346de0d8e113215420d6708657bce767f6d0b90c7,2289,20160104,20251231,ts_code|trade_date|open|high|low|close|pre_close|change|pct_chg|vol|amount|adj_factor|up_limit|down_limit|open_adj|high_adj|low_adj|close_adj|pre_close_adj|up_limit_adj|down_limit_adj
data/interim/sar_project/prices/600196.SH.csv,548838,e34673c6be100b74dceab3d1539d47f43ec94c9f2933a2bf8d6ab8e0eccbf851,2429,20160104,20251231,ts_code|trade_date|open|high|low|close|pre_close|change|pct_chg|vol|amount|adj_factor|up_limit|down_limit|open_adj|high_adj|low_adj|close_adj|pre_close_adj|up_limit_adj|down_limit_adj
data/interim/sar_project/prices/600276.SH.csv,542448,49ac4430a09c4ac24f715d273824bea973bd38785f7196f002a27f1d9af73aed,2429,20160104,20251231,ts_code|trade_date|open|high|low|close|pre_close|change|pct_chg|vol|amount|adj_factor|up_limit|down_limit|open_adj|high_adj|low_adj|close_adj|pre_close_adj|up_limit_adj|down_limit_adj
data/interim/sar_project/prices/600309.SH.csv,516129,d7d0ab3920522245465f5e0261b78dfbcc1d886d93661c743f756785bb0cd57e,2305,20160104,20251231,ts_code|trade_date|open|high|low|close|pre_close|change|pct_chg|vol|amount|adj_factor|up_limit|down_limit|open_adj|high_adj|low_adj|close_adj|pre_close_adj|up_limit_adj|down_limit_adj
data/interim/sar_project/prices/600340.SH.csv,448449,e1141a234979452629636543c786cc21d636cf5b5f9d897734eb9647599e928d,2412,20160104,20251231,ts_code|trade_date|open|high|low|close|pre_close|change|pct_chg|vol|amount|adj_factor|up_limit|down_limit|open_adj|high_adj|low_adj|close_adj|pre_close_adj|up_limit_adj|down_limit_adj
data/interim/sar_project/prices/600383.SH.csv,518296,0760a3b2847c5c618007f0bdfa620644722771e9c00c0004c1c289a79757392b,2429,20160104,20251231,ts_code|trade_date|open|high|low|close|pre_close|change|pct_chg|vol|amount|adj_factor|up_limit|down_limit|open_adj|high_adj|low_adj|close_adj|pre_close_adj|up_limit_adj|down_limit_adj
data/interim/sar_project/prices/600406.SH.csv,527168,1228eb94eb54bff8f87d4da68bc956db3b55d478972b7770e3e90436698f31f0,2321,20160104,20251231,ts_code|trade_date|open|high|low|close|pre_close|change|pct_chg|vol|amount|adj_factor|up_limit|down_limit|open_adj|high_adj|low_adj|close_adj|pre_close_adj|up_limit_adj|down_limit_adj
data/interim/sar_project/prices/600436.SH.csv,558501,f96c7aaf3a8b0089cfbd768fd1cef7188c837c1c1b02c8ebd5a10cff471689b4,2430,20160104,20251231,ts_code|trade_date|open|high|low|close|pre_close|change|pct_chg|vol|amount|adj_factor|up_limit|down_limit|open_adj|high_adj|low_adj|close_adj|pre_close_adj|up_limit_adj|down_limit_adj
data/interim/sar_project/prices/600438.SH.csv,509667,34238aeffacf30c6f9fe6d7e106f9e8b4391bb2caa3f78f8e0223fdac79b10eb,2367,20160104,20251231,ts_code|trade_date|open|high|low|close|pre_close|change|pct_chg|vol|amount|adj_factor|up_limit|down_limit|open_adj|high_adj|low_adj|close_adj|pre_close_adj|up_limit_adj|down_limit_adj
data/interim/sar_project/prices/600518.SH.csv,456657,d9f3019386f099ee26dd65135f5c961759a693c0187bd6f37d1deccfb429a4d2,2393,20160104,20251231,ts_code|trade_date|open|high|low|close|pre_close|change|pct_chg|vol|amount|adj_factor|up_limit|down_limit|open_adj|high_adj|low_adj|close_adj|pre_close_adj|up_limit_adj|down_limit_adj
data/interim/sar_project/prices/600519.SH.csv,578898,d626ad54b10549d08e7d8c048cbb3a03d1381860d63164f08eb45d2d9532408e,2430,20160104,20251231,ts_code|trade_date|open|high|low|close|pre_close|change|pct_chg|vol|amount|adj_factor|up_limit|down_limit|open_adj|high_adj|low_adj|close_adj|pre_close_adj|up_limit_adj|down_limit_adj
data/interim/sar_project/prices/600570.SH.csv,547135,1fb7d904566e9b7b68b4219014b536df0e259729dacbd21d5478e56282dcfae7,2428,20160104,20251231,ts_code|trade_date|open|high|low|close|pre_close|change|pct_chg|vol|amount|adj_factor|up_limit|down_limit|open_adj|high_adj|low_adj|close_adj|pre_close_adj|up_limit_adj|down_limit_adj
data/interim/sar_project/prices/600585.SH.csv,552063,9f9d08f18785345c346fa45f87476b8cb2e40d29782b24b6be5ba517456af1be,2430,20160104,20251231,ts_code|trade_date|open|high|low|close|pre_close|change|pct_chg|vol|amount|adj_factor|up_limit|down_limit|open_adj|high_adj|low_adj|close_adj|pre_close_adj|up_limit_adj|down_limit_adj
data/interim/sar_project/prices/600588.SH.csv,503861,80ef1c2c0cb0448f759eb9ed394203b1504eb9c5eab688999e9adea184cc5787,2428,20160104,20251231,ts_code|trade_date|open|high|low|close|pre_close|change|pct_chg|vol|amount|adj_factor|up_limit|down_limit|open_adj|high_adj|low_adj|close_adj|pre_close_adj|up_limit_adj|down_limit_adj
data/interim/sar_project/prices/600637.SH.csv,530225,17ff5b5bdc279768299b99135eb5d23470072cd173cdb994b6212c7d5021def7,2421,20160104,20251231,ts_code|trade_date|open|high|low|close|pre_close|change|pct_chg|vol|amount|adj_factor|up_limit|down_limit|open_adj|high_adj|low_adj|close_adj|pre_close_adj|up_limit_adj|down_limit_adj
data/interim/sar_project/prices/600660.SH.csv,551180,2b803755cec267e7548ccf179b82f0290495f06dad49f364dfab1b69cfc3484f,2430,20160104,20251231,ts_code|trade_date|open|high|low|close|pre_close|change|pct_chg|vol|amount|adj_factor|up_limit|down_limit|open_adj|high_adj|low_adj|close_adj|pre_close_adj|up_limit_adj|down_limit_adj
data/interim/sar_project/prices/600690.SH.csv,551846,04716f61a0bad4f6fedfa5b8c21b5f33666babc1fb63d473d3a658b7aca02c2b,2408,20160201,20251231,ts_code|trade_date|open|high|low|close|pre_close|change|pct_chg|vol|amount|adj_factor|up_limit|down_limit|open_adj|high_adj|low_adj|close_adj|pre_close_adj|up_limit_adj|down_limit_adj
data/interim/sar_project/prices/600703.SH.csv,554408,a7433c46cb8de4849a1908af15cbac35eca14c417b32b0d417f06fb30684d6c2,2429,20160104,20251231,ts_code|trade_date|open|high|low|close|pre_close|change|pct_chg|vol|amount|adj_factor|up_limit|down_limit|open_adj|high_adj|low_adj|close_adj|pre_close_adj|up_limit_adj|down_limit_adj
data/interim/sar_project/prices/600809.SH.csv,551791,de4803b185076229329176118dd4fa7962c14cac43770d359f25860172b5545e,2418,20160104,20251231,ts_code|trade_date|open|high|low|close|pre_close|change|pct_chg|vol|amount|adj_factor|up_limit|down_limit|open_adj|high_adj|low_adj|close_adj|pre_close_adj|up_limit_adj|down_limit_adj
data/interim/sar_project/prices/600837.SH.csv,492465,0bc8639491c06804794437b22d3f0d792f45b845836f29296c00a65bdf59073a,2189,20160104,20250205,ts_code|trade_date|open|high|low|close|pre_close|change|pct_chg|vol|amount|adj_factor|up_limit|down_limit|open_adj|high_adj|low_adj|close_adj|pre_close_adj|up_limit_adj|down_limit_adj
data/interim/sar_project/prices/600887.SH.csv,554342,4b24dfa81dc0e9ec737648a06f169e02a5d9a0c036bef02fd0458cfa9dd2dc19,2406,20160104,20251231,ts_code|trade_date|open|high|low|close|pre_close|change|pct_chg|vol|amount|adj_factor|up_limit|down_limit|open_adj|high_adj|low_adj|close_adj|pre_close_adj|up_limit_adj|down_limit_adj
data/interim/sar_project/prices/600900.SH.csv,544816,9ad5f6c702940145cd7a5223bd3d0133bf79bfdea04e7f5280ef539cb0aa6452,2413,20160104,20251231,ts_code|trade_date|open|high|low|close|pre_close|change|pct_chg|vol|amount|adj_factor|up_limit|down_limit|open_adj|high_adj|low_adj|close_adj|pre_close_adj|up_limit_adj|down_limit_adj
data/interim/sar_project/prices/600919.SH.csv,493750,7048772217ece8f0670561da564e828bfe9302d87f8cea6070508e236506bbdc,2282,20160802,20251231,ts_code|trade_date|open|high|low|close|pre_close|change|pct_chg|vol|amount|adj_factor|up_limit|down_limit|open_adj|high_adj|low_adj|close_adj|pre_close_adj|up_limit_adj|down_limit_adj
data/interim/sar_project/prices/600941.SH.csv,217921,a38bcf1dc3b15c426446b4541f7da149d3eae9f5a3beab5dccceb1b60537076a,968,20220105,20251231,ts_code|trade_date|open|high|low|close|pre_close|change|pct_chg|vol|amount|adj_factor|up_limit|down_limit|open_adj|high_adj|low_adj|close_adj|pre_close_adj|up_limit_adj|down_limit_adj
data/interim/sar_project/prices/600958.SH.csv,539159,33575b287003dd48f4e2008bd008bc93ad73c4cdb1ce04d46061e2841eb2d87c,2418,20160104,20251231,ts_code|trade_date|open|high|low|close|pre_close|change|pct_chg|vol|amount|adj_factor|up_limit|down_limit|open_adj|high_adj|low_adj|close_adj|pre_close_adj|up_limit_adj|down_limit_adj
data/interim/sar_project/prices/600999.SH.csv,552016,b4f95b075673b470332c310120dbb82186a92e0a0c2c9ec1143de059b513ba41,2424,20160104,20251231,ts_code|trade_date|open|high|low|close|pre_close|change|pct_chg|vol|amount|adj_factor|up_limit|down_limit|open_adj|high_adj|low_adj|close_adj|pre_close_adj|up_limit_adj|down_limit_adj
data/interim/sar_project/prices/601006.SH.csv,527947,69d3bcfc77b4a99f8379a4122725b4f95a5e2f6b2dbad36ef173794617a3eab8,2430,20160104,20251231,ts_code|trade_date|open|high|low|close|pre_close|change|pct_chg|vol|amount|adj_factor|up_limit|down_limit|open_adj|high_adj|low_adj|close_adj|pre_close_adj|up_limit_adj|down_limit_adj
data/interim/sar_project/prices/601009.SH.csv,535939,1f5b0eaf974e7a8cbb38f543437663140da4bbe6d3d25779b7f427ee39c7b047,2428,20160104,20251231,ts_code|trade_date|open|high|low|close|pre_close|change|pct_chg|vol|amount|adj_factor|up_limit|down_limit|open_adj|high_adj|low_adj|close_adj|pre_close_adj|up_limit_adj|down_limit_adj
data/interim/sar_project/prices/601012.SH.csv,528656,a27f999d77f78c7bc3b3edcf0113334e7aef07d572f8ea8b1bbf42b20edf3379,2423,20160104,20251231,ts_code|trade_date|open|high|low|close|pre_close|change|pct_chg|vol|amount|adj_factor|up_limit|down_limit|open_adj|high_adj|low_adj|close_adj|pre_close_adj|up_limit_adj|down_limit_adj
data/interim/sar_project/prices/601088.SH.csv,535537,ac10a6d2c5d851fd28bcf5546f575f591f9d4a241308a676cdfa799b8a1f023d,2356,20160104,20251231,ts_code|trade_date|open|high|low|close|pre_close|change|pct_chg|vol|amount|adj_factor|up_limit|down_limit|open_adj|high_adj|low_adj|close_adj|pre_close_adj|up_limit_adj|down_limit_adj
data/interim/sar_project/prices/601138.SH.csv,414283,a2dc98e9d659453d1856639fef1b9a83ae6b389da173fbcdaea3f090a3b68180,1838,20180608,20251231,ts_code|trade_date|open|high|low|close|pre_close|change|pct_chg|vol|amount|adj_factor|up_limit|down_limit|open_adj|high_adj|low_adj|close_adj|pre_close_adj|up_limit_adj|down_limit_adj
data/interim/sar_project/prices/601166.SH.csv,549493,755446f91b657adeb3d82a9b15ae93f479874a07ab5f985047d1e4bb4373c674,2425,20160104,20251231,ts_code|trade_date|open|high|low|close|pre_close|change|pct_chg|vol|amount|adj_factor|up_limit|down_limit|open_adj|high_adj|low_adj|close_adj|pre_close_adj|up_limit_adj|down_limit_adj
data/interim/sar_project/prices/601169.SH.csv,523865,74c33f97c1c34639667a31a279aa6a7d76ddf71ea6f7fbd69c1d922a7779490d,2422,20160104,20251231,ts_code|trade_date|open|high|low|close|pre_close|change|pct_chg|vol|amount|adj_factor|up_limit|down_limit|open_adj|high_adj|low_adj|close_adj|pre_close_adj|up_limit_adj|down_limit_adj
data/interim/sar_project/prices/601186.SH.csv,527465,c2fc2b13ff8ba8b2a1d344d8ad3a7a08ce66c87da7e1c6684dd57a6181aeb307,2430,20160104,20251231,ts_code|trade_date|open|high|low|close|pre_close|change|pct_chg|vol|amount|adj_factor|up_limit|down_limit|open_adj|high_adj|low_adj|close_adj|pre_close_adj|up_limit_adj|down_limit_adj
data/interim/sar_project/prices/601211.SH.csv,552905,7da2d0877d64143e36f7fb462cb65a2c04286a7a630d285f9d12c3bee8c04dba,2411,20160104,20251231,ts_code|trade_date|open|high|low|close|pre_close|change|pct_chg|vol|amount|adj_factor|up_limit|down_limit|open_adj|high_adj|low_adj|close_adj|pre_close_adj|up_limit_adj|down_limit_adj
data/interim/sar_project/prices/601225.SH.csv,540765,5b4112afde81962d00aa90eee4b3366fa5e5e860fca4c4fa776252560d322402,2430,20160104,20251231,ts_code|trade_date|open|high|low|close|pre_close|change|pct_chg|vol|amount|adj_factor|up_limit|down_limit|open_adj|high_adj|low_adj|close_adj|pre_close_adj|up_limit_adj|down_limit_adj
data/interim/sar_project/prices/601229.SH.csv,485577,295492047b5d936ee9938a086dc0c42a1ca6ef83559ed302c832574a11aed9a7,2219,20161116,20251231,ts_code|trade_date|open|high|low|close|pre_close|change|pct_chg|vol|amount|adj_factor|up_limit|down_limit|open_adj|high_adj|low_adj|close_adj|pre_close_adj|up_limit_adj|down_limit_adj
data/interim/sar_project/prices/601288.SH.csv,540379,73378145c6cffdf96f448bb9f52c3328b47c4a4609b535946f85de0972343e89,2430,20160104,20251231,ts_code|trade_date|open|high|low|close|pre_close|change|pct_chg|vol|amount|adj_factor|up_limit|down_limit|open_adj|high_adj|low_adj|close_adj|pre_close_adj|up_limit_adj|down_limit_adj
data/interim/sar_project/prices/601318.SH.csv,550060,9b771f3180208682da2ee4feb0ac355d6118104d1e05c7be589426de72011697,2430,20160104,20251231,ts_code|trade_date|open|high|low|close|pre_close|change|pct_chg|vol|amount|adj_factor|up_limit|down_limit|open_adj|high_adj|low_adj|close_adj|pre_close_adj|up_limit_adj|down_limit_adj
data/interim/sar_project/prices/601328.SH.csv,537092,f4189720c4cdd2b84cc3d4368feb1f767a7b5394842c00a15e846d1d0e4a7c25,2430,20160104,20251231,ts_code|trade_date|open|high|low|close|pre_close|change|pct_chg|vol|amount|adj_factor|up_limit|down_limit|open_adj|high_adj|low_adj|close_adj|pre_close_adj|up_limit_adj|down_limit_adj
data/interim/sar_project/prices/601377.SH.csv,528162,c2ace0ebca5951288b3b2906f65029329e2d1d58799351c7310e086c0d6d4eb1,2415,20160107,20251231,ts_code|trade_date|open|high|low|close|pre_close|change|pct_chg|vol|amount|adj_factor|up_limit|down_limit|open_adj|high_adj|low_adj|close_adj|pre_close_adj|up_limit_adj|down_limit_adj
data/interim/sar_project/prices/601390.SH.csv,515417,5919c5b2c6420019164449515b45627b53696cc21313dcf4144c69d0302ba0ca,2356,20160104,20251231,ts_code|trade_date|open|high|low|close|pre_close|change|pct_chg|vol|amount|adj_factor|up_limit|down_limit|open_adj|high_adj|low_adj|close_adj|pre_close_adj|up_limit_adj|down_limit_adj
data/interim/sar_project/prices/601398.SH.csv,537430,baee643153879a3e3cdc7392b32606d68f3c4e58c2a264d4f20218364d18eea9,2430,20160104,20251231,ts_code|trade_date|open|high|low|close|pre_close|change|pct_chg|vol|amount|adj_factor|up_limit|down_limit|open_adj|high_adj|low_adj|close_adj|pre_close_adj|up_limit_adj|down_limit_adj
data/interim/sar_project/prices/601600.SH.csv,508071,1d63cdcec5e203e7de1fd7ed7b034c50b3d4b38736e3f39b905c72d238720a95,2321,20160104,20251231,ts_code|trade_date|open|high|low|close|pre_close|change|pct_chg|vol|amount|adj_factor|up_limit|down_limit|open_adj|high_adj|low_adj|close_adj|pre_close_adj|up_limit_adj|down_limit_adj
data/interim/sar_project/prices/601601.SH.csv,548500,b16ee7e209271a651f9ac64dbb83bfd854b576f943b894400e7f0e7cbf5bae3b,2430,20160104,20251231,ts_code|trade_date|open|high|low|close|pre_close|change|pct_chg|vol|amount|adj_factor|up_limit|down_limit|open_adj|high_adj|low_adj|close_adj|pre_close_adj|up_limit_adj|down_limit_adj
data/interim/sar_project/prices/601628.SH.csv,550566,d0a0040e6a857187d0137862a8a536fbb89225acdb9e7d2d9eca09bb1faa0d94,2430,20160104,20251231,ts_code|trade_date|open|high|low|close|pre_close|change|pct_chg|vol|amount|adj_factor|up_limit|down_limit|open_adj|high_adj|low_adj|close_adj|pre_close_adj|up_limit_adj|down_limit_adj
data/interim/sar_project/prices/601668.SH.csv,525975,6492bbc2a6a403145d735d3a147e2402858a56e42282d90c1bef3a6f39dfc6eb,2430,20160104,20251231,ts_code|trade_date|open|high|low|close|pre_close|change|pct_chg|vol|amount|adj_factor|up_limit|down_limit|open_adj|high_adj|low_adj|close_adj|pre_close_adj|up_limit_adj|down_limit_adj
data/interim/sar_project/prices/601688.SH.csv,560654,76230b9c3d756a60a92a50f7af9b0240a961f0964cebf96cd6484083e6eb0901,2430,20160104,20251231,ts_code|trade_date|open|high|low|close|pre_close|change|pct_chg|vol|amount|adj_factor|up_limit|down_limit|open_adj|high_adj|low_adj|close_adj|pre_close_adj|up_limit_adj|down_limit_adj
data/interim/sar_project/prices/601728.SH.csv,229122,6a8c18b107bc897cf333dac175a91f8b7fbeb3c0cb3ef70a8be3c6c7dcb29f21,1058,20210820,20251231,ts_code|trade_date|open|high|low|close|pre_close|change|pct_chg|vol|amount|adj_factor|up_limit|down_limit|open_adj|high_adj|low_adj|close_adj|pre_close_adj|up_limit_adj|down_limit_adj
data/interim/sar_project/prices/601766.SH.csv,529512,80f50b18a368d1113b54e33b999f27cf66f86794ada04ce6235b68ee6fbc6f2a,2420,20160104,20251231,ts_code|trade_date|open|high|low|close|pre_close|change|pct_chg|vol|amount|adj_factor|up_limit|down_limit|open_adj|high_adj|low_adj|close_adj|pre_close_adj|up_limit_adj|down_limit_adj
data/interim/sar_project/prices/601816.SH.csv,312217,cb1840c53e5e3ad02a6275744ae0c058ec63f9c044bd9e7b87246c782aa78583,1445,20200116,20251231,ts_code|trade_date|open|high|low|close|pre_close|change|pct_chg|vol|amount|adj_factor|up_limit|down_limit|open_adj|high_adj|low_adj|close_adj|pre_close_adj|up_limit_adj|down_limit_adj
data/interim/sar_project/prices/601818.SH.csv,529261,15861a04b425dcc4b1d6e18ee7f79d0bfc4405f3e8ae3f16904c73c1b91d97b5,2429,20160104,20251231,ts_code|trade_date|open|high|low|close|pre_close|change|pct_chg|vol|amount|adj_factor|up_limit|down_limit|open_adj|high_adj|low_adj|close_adj|pre_close_adj|up_limit_adj|down_limit_adj
data/interim/sar_project/prices/601857.SH.csv,528872,b9138724a9f6158afe3d8bab59bddb110a51f91d6e6be516ec0f8a8bb46b6751,2430,20160104,20251231,ts_code|trade_date|open|high|low|close|pre_close|change|pct_chg|vol|amount|adj_factor|up_limit|down_limit|open_adj|high_adj|low_adj|close_adj|pre_close_adj|up_limit_adj|down_limit_adj
data/interim/sar_project/prices/601888.SH.csv,555840,bcd479d30120cdac5c75c29bbb830205e7e0e7d9fd9c63cf8c0da71d27516b5f,2430,20160104,20251231,ts_code|trade_date|open|high|low|close|pre_close|change|pct_chg|vol|amount|adj_factor|up_limit|down_limit|open_adj|high_adj|low_adj|close_adj|pre_close_adj|up_limit_adj|down_limit_adj
data/interim/sar_project/prices/601899.SH.csv,543307,f2b60de84ede1e8fbc58f6caf21dbfe6e99756b84bd10b8b4c2b416fb1578c57,2424,20160104,20251231,ts_code|trade_date|open|high|low|close|pre_close|change|pct_chg|vol|amount|adj_factor|up_limit|down_limit|open_adj|high_adj|low_adj|close_adj|pre_close_adj|up_limit_adj|down_limit_adj
data/interim/sar_project/prices/601919.SH.csv,532659,a9a7e0c14757ac0b8899da66f5f618000a625c2fb0805abebd91141553d6290e,2380,20160104,20251231,ts_code|trade_date|open|high|low|close|pre_close|change|pct_chg|vol|amount|adj_factor|up_limit|down_limit|open_adj|high_adj|low_adj|close_adj|pre_close_adj|up_limit_adj|down_limit_adj
data/interim/sar_project/prices/601939.SH.csv,531567,0ebbe43ec6ce4d19a3da860b23253da1df14475a4d0a0a7321a81901e5ab5229,2430,20160104,20251231,ts_code|trade_date|open|high|low|close|pre_close|change|pct_chg|vol|amount|adj_factor|up_limit|down_limit|open_adj|high_adj|low_adj|close_adj|pre_close_adj|up_limit_adj|down_limit_adj
data/interim/sar_project/prices/601985.SH.csv,522638,19f002570c157e7fc0ff5bd0f9d53dfbf0d4ae3c0c0164d74d674a18bab4b2ed,2430,20160104,20251231,ts_code|trade_date|open|high|low|close|pre_close|change|pct_chg|vol|amount|adj_factor|up_limit|down_limit|open_adj|high_adj|low_adj|close_adj|pre_close_adj|up_limit_adj|down_limit_adj
data/interim/sar_project/prices/601988.SH.csv,537228,80741756e7314f7873cfa34da9416dee689fc0de8fd5a7d0decec43e8ab71aff,2430,20160104,20251231,ts_code|trade_date|open|high|low|close|pre_close|change|pct_chg|vol|amount|adj_factor|up_limit|down_limit|open_adj|high_adj|low_adj|close_adj|pre_close_adj|up_limit_adj|down_limit_adj
data/interim/sar_project/prices/601989.SH.csv,478426,753271ccf8570094ac23463c6cfbb178bda3061a3e7f56ceaf287cf36e59eb07,2196,20160104,20250812,ts_code|trade_date|open|high|low|close|pre_close|change|pct_chg|vol|amount|adj_factor|up_limit|down_limit|open_adj|high_adj|low_adj|close_adj|pre_close_adj|up_limit_adj|down_limit_adj
data/interim/sar_project/prices/603019.SH.csv,540639,325bacc43707786e147db42aad4f3088a9c916ea0382ae66dee1d4d10b74279d,2417,20160104,20251231,ts_code|trade_date|open|high|low|close|pre_close|change|pct_chg|vol|amount|adj_factor|up_limit|down_limit|open_adj|high_adj|low_adj|close_adj|pre_close_adj|up_limit_adj|down_limit_adj
data/interim/sar_project/prices/603259.SH.csv,420912,aeddd44a455143f092ec63902c0e3ed9801d9f10fdded9fefd0cfd04ae3de726,1861,20180508,20251231,ts_code|trade_date|open|high|low|close|pre_close|change|pct_chg|vol|amount|adj_factor|up_limit|down_limit|open_adj|high_adj|low_adj|close_adj|pre_close_adj|up_limit_adj|down_limit_adj
data/interim/sar_project/prices/603288.SH.csv,547189,4684346f39546f3c48b40f6945039018007e001bc24d591e196053a388504070,2430,20160104,20251231,ts_code|trade_date|open|high|low|close|pre_close|change|pct_chg|vol|amount|adj_factor|up_limit|down_limit|open_adj|high_adj|low_adj|close_adj|pre_close_adj|up_limit_adj|down_limit_adj
data/interim/sar_project/prices/603501.SH.csv,447642,2d3ae4c4574edd449ae29576dd63ba9c94cb93ea7d30aadb48d5751f67ab8ce0,1936,20170504,20251231,ts_code|trade_date|open|high|low|close|pre_close|change|pct_chg|vol|amount|adj_factor|up_limit|down_limit|open_adj|high_adj|low_adj|close_adj|pre_close_adj|up_limit_adj|down_limit_adj
data/interim/sar_project/prices/603799.SH.csv,497596,fbc13000ba2f0d066cd16c6009a02f9cd8daa532237955ef13588f3f83f59483,2418,20160104,20251231,ts_code|trade_date|open|high|low|close|pre_close|change|pct_chg|vol|amount|adj_factor|up_limit|down_limit|open_adj|high_adj|low_adj|close_adj|pre_close_adj|up_limit_adj|down_limit_adj
data/interim/sar_project/prices/603986.SH.csv,473661,db614693f13de32e4e780505f6b85eeaf85b5d25f4ff002c44022c873eb0e939,2070,20160818,20251231,ts_code|trade_date|open|high|low|close|pre_close|change|pct_chg|vol|amount|adj_factor|up_limit|down_limit|open_adj|high_adj|low_adj|close_adj|pre_close_adj|up_limit_adj|down_limit_adj
data/interim/sar_project/prices/603993.SH.csv,521733,010549d1cbb723738203514fde69e53c589d8e63553b6968d25460285f4195cf,2411,20160104,20251231,ts_code|trade_date|open|high|low|close|pre_close|change|pct_chg|vol|amount|adj_factor|up_limit|down_limit|open_adj|high_adj|low_adj|close_adj|pre_close_adj|up_limit_adj|down_limit_adj
data/interim/sar_project/prices/688008.SH.csv,349373,d3e3f9347fc174e252d3883eb79adbed81b18247ac6741663f808bb35a6c3a0c,1566,20190722,20251231,ts_code|trade_date|open|high|low|close|pre_close|change|pct_chg|vol|amount|adj_factor|up_limit|down_limit|open_adj|high_adj|low_adj|close_adj|pre_close_adj|up_limit_adj|down_limit_adj
data/interim/sar_project/prices/688012.SH.csv,354364,2c53cb2230e36d97b49d7ad707ce2461286c8342641cff02af71563c9c32a8d8,1557,20190722,20251218,ts_code|trade_date|open|high|low|close|pre_close|change|pct_chg|vol|amount|adj_factor|up_limit|down_limit|open_adj|high_adj|low_adj|close_adj|pre_close_adj|up_limit_adj|down_limit_adj
data/interim/sar_project/prices/688041.SH.csv,173623,4c7b10f4bd802d7fe82ecaec9e479823eee4163ba55641def1eef234ce0e06ce,812,20220812,20251231,ts_code|trade_date|open|high|low|close|pre_close|change|pct_chg|vol|amount|adj_factor|up_limit|down_limit|open_adj|high_adj|low_adj|close_adj|pre_close_adj|up_limit_adj|down_limit_adj
data/interim/sar_project/prices/688256.SH.csv,191486,e45a2d82194eed4be0e6cd74a920616753e7c087c408fc6f6310cf7d817efe01,1325,20200720,20251231,ts_code|trade_date|open|high|low|close|pre_close|change|pct_chg|vol|amount|adj_factor|up_limit|down_limit|open_adj|high_adj|low_adj|close_adj|pre_close_adj|up_limit_adj|down_limit_adj
data/interim/sar_project/prices/688981.SH.csv,181975,fe7953c1ea9d29942a75c18e2b7b17a4702b19d24284fa539388435a803493de,1321,20200716,20251231,ts_code|trade_date|open|high|low|close|pre_close|change|pct_chg|vol|amount|adj_factor|up_limit|down_limit|open_adj|high_adj|low_adj|close_adj|pre_close_adj|up_limit_adj|down_limit_adj
data/interim/sar_project/prices/AAA.csv,16863,9f03cbe12df880474e366ef703daa1019dd52401968ffe4df659d6b0b75d2133,131,20160104,20251222,trade_date|open_adj|high_adj|low_adj|close_adj|vol|up_limit_adj|down_limit_adj
data/interim/sar_project/prices/BBB.csv,16820,bf6de53a3297cf27de28ec9d74f68d72e8ec732bc13f99ff86f1d581ac0050f7,131,20160104,20251222,trade_date|open_adj|high_adj|low_adj|close_adj|vol|up_limit_adj|down_limit_adj
data/interim/sar_project/prices/CCC.csv,16761,b0f7cf6bfab3d618e3596914d69b5fe8d6aabe58ad8efff1973548819e3696d6,131,20160104,20251222,trade_date|open_adj|high_adj|low_adj|close_adj|vol|up_limit_adj|down_limit_adj
data/interim/sar_project/prices/DDD.csv,16701,f90f71be7151a0720dd06d25552a24244cc27c3c0baa03908baae067616afa10,131,20160104,20251222,trade_date|open_adj|high_adj|low_adj|close_adj|vol|up_limit_adj|down_limit_adj
data/interim/sar_project/prices/EEE.csv,16554,f048a0a98499f5a0904b0a49ecfadf9c6a51ac48f013351557307aa22356491c,131,20160104,20251222,trade_date|open_adj|high_adj|low_adj|close_adj|vol|up_limit_adj|down_limit_adj
